wh_id,warehouse_name
1,WAREHOUSE 1 SEATTLE
10,WAREHOUSE 10 ANCHORAGE
1000,WAREHOUSE 1000 COLUMBIA
1001,WAREHOUSE 1001 TUSTIN
122,WAREHOUSE 122 TUSTIN RANCH
1002,WAREHOUSE 1002 ANTIOCH
1003,WAREHOUSE 1003 WOODLAND
1004,WAREHOUSE 1004 NE SAN JOSE
1005,WAREHOUSE 1005 GREENVILLE
1006,WAREHOUSE 1006 SELMA
1007,WAREHOUSE 1007 TOLEDO
1008,WAREHOUSE 1008 SPARTANBURG
1009,WAREHOUSE 1009 MONTGOMERY
101,WAREHOUSE 101 BEND
1010,WAREHOUSE 1010 VICTORVILLE
1011,WAREHOUSE 1011 CHICO
1012,WAREHOUSE 1012 OMAHA
1013,WAREHOUSE 1013 UNION GAP
1014,WAREHOUSE 1014 E COLORADO SPRINGS
1015,WAREHOUSE 1015 SAN DIMAS
1016,WAREHOUSE 1016 NW ALBUQUERQUE
1017,WAREHOUSE 1017 VISALIA
1018,WAREHOUSE 1018 GALLERIA
1019,WAREHOUSE 1019 SOUTH JORDAN
1020,WAREHOUSE 1020 MIDDLETON
1021,WAREHOUSE 1021 MAPLEWOOD
1022,WAREHOUSE 1022 PARKER
1023,WAREHOUSE 1023 KENDALL
1025,WAREHOUSE 1025 MANAHAWKIN
1026,WAREHOUSE 1026 TALLAHASSEE
1027,WAREHOUSE 1027 SHERIDAN
1028,WAREHOUSE 1028 MESA
1029,WAREHOUSE 1029 COVINGTON
103,WAREHOUSE 103 CLARKSTON
1030,WAREHOUSE 1030 W COLORADO SPRINGS
1031,WAREHOUSE 1031 MANTECA
1033,WAREHOUSE 1033 POCATELLO
1037,WAREHOUSE 1037 BLOOMFIELD
1038,WAREHOUSE 1038 KAPOLEI
1039,WAREHOUSE 1039 BRANDYWINE
1040,WAREHOUSE 1040 ST CHARLES
1042,WAREHOUSE 1042 REDWOOD CITY
1049,WAREHOUSE 1049 ROCKWALL
1050,WAREHOUSE 1050 LAKEWOOD
1058,WAREHOUSE 1058 PARADISE VALLEY
1059,WAREHOUSE 1059 WARRENTON
106,WAREHOUSE 106 AURORA VILLAGE
1060,WAREHOUSE 1060 MANCHESTER MO
1061,WAREHOUSE 1061 HAYWARD
1062,WAREHOUSE 1062 MANHATTAN
107,WAREHOUSE 107 JUNEAU
1070,WAREHOUSE 1070 REGO PARK
1071,WAREHOUSE 1071 PACOIMA
1073,WAREHOUSE 1073 ROSEBURG
1074,WAREHOUSE 1074 METTAWA
1078,WAREHOUSE 1078 WOODMORE TOWNE CENTRE
1079,WAREHOUSE 1079 SW TUCSON
1080,WAREHOUSE 1080 SAN MARCOS
1081,WAREHOUSE 1081 SANATOGA
1083,WAREHOUSE 1083 FORT OGLETHORPE
1084,WAREHOUSE 1084 BROOKHAVEN
1085,WAREHOUSE 1085 MELROSE PARK
1086,WAREHOUSE 1086 E VANCOUVER WA
1087,WAREHOUSE 1087 BURNSVILLE
1088,WAREHOUSE 1088 BOLINGBROOK
1089,WAREHOUSE 1089 CHESTERFIELD
1091,WAREHOUSE 1091 LODI
1093,WAREHOUSE 1093 MARLBORO
1097,WAREHOUSE 1097 FRISCO
110,WAREHOUSE 110 ISSAQUAH
847,WAREHOUSE 847 US ECOMMERCE
1101,WAREHOUSE 1101 PEWAUKEE
1102,WAREHOUSE 1102 AUGUSTA
1103,WAREHOUSE 1103 BUCKS COUNTY
1106,WAREHOUSE 1106 PITTSFIELD TOWNSHIP
1107,WAREHOUSE 1107 CHICAGO SOUTH LOOP
1108,WAREHOUSE 1108 PHARR
111,WAREHOUSE 111 TIGARD
1110,WAREHOUSE 1110 HUNTINGTON BEACH
1111,WAREHOUSE 1111 CORALVILLE
1114,WAREHOUSE 1114 CONCORDVILLE
1115,WAREHOUSE 1115 MT VERNON
1116,WAREHOUSE 1116 FARRAGUT
1118,WAREHOUSE 1118 SPANISH FORK
1119,WAREHOUSE 1119 WEST FARGO ND
112,WAREHOUSE 112 WENATCHEE
1120,WAREHOUSE 1120 WASHINGTON DC
1121,WAREHOUSE 1121 SUN PRAIRIE
1122,WAREHOUSE 1122 BAXTER
1123,WAREHOUSE 1123 SARASOTA MALL
1124,WAREHOUSE 1124 WHEATON
1125,WAREHOUSE 1125 ROCHESTER MN
1126,WAREHOUSE 1126 EAST PEORIA
113,WAREHOUSE 113 SALT LAKE CITY
114,WAREHOUSE 114 EVERETT WA
1146,WAREHOUSE 1146 SUGAR LAND
1147,WAREHOUSE 1147 NEW ORLEANS
115,WAREHOUSE 115 LYNNWOOD BUS CTR
1152,WAREHOUSE 1152 CEDAR PARK TX
1153,WAREHOUSE 1153 NORTH RIVERSIDE IL
1156,WAREHOUSE 1156 LEXINGTON
1159,WAREHOUSE 1159 SIOUX FALLS
116,WAREHOUSE 116 ALBUQUERQUE
1160,WAREHOUSE 1160 EASTON OH
1161,WAREHOUSE 1161 FORT WAYNE
1162,WAREHOUSE 1162 BELLEVUE (GREEN BAY)
1163,WAREHOUSE 1163 LUBBOCK TX
1166,WAREHOUSE 1166 NORTH PLAINFIELD
1167,WAREHOUSE 1167 W KATY
117,WAREHOUSE 117 WESTLAKE VILLAGE
1172,WAREHOUSE 1172 BATON ROUGE
1173,WAREHOUSE 1173 N FORT WORTH
1174,WAREHOUSE 1174 NORTH BRUNSWICK
1175,WAREHOUSE 1175 CUMMING
1176,WAREHOUSE 1176 SYRACUSE
1177,WAREHOUSE 1177 WAYNE
1178,WAREHOUSE 1178 TIMNATH
118,WAREHOUSE 118 SAN LEANDRO
1183,WAREHOUSE 1183 MISHAWAKA
1184,WAREHOUSE 1184 CHARLOTTESVILLE
1185,WAREHOUSE 1185 CENTERVILLE
1189,WAREHOUSE 1189 WOODLANDS
119,WAREHOUSE 119 MAUI
1190,WAREHOUSE 1190 LYNNWOOD
1191,WAREHOUSE 1191 KALAMAZOO
1192,WAREHOUSE 1192 MOBILE
1194,WAREHOUSE 1194 PERRYSBURG
1195,WAREHOUSE 1195 ROCHESTER NY
1196,WAREHOUSE 1196 NEW BRITAIN
1197,WAREHOUSE 1197 FLORENCE
1198,WAREHOUSE 1198 PLEASANT PRAIRIE
1199,WAREHOUSE 1199 PRINCETON
120,WAREHOUSE 120 HAWAII KAI
1200,WAREHOUSE 1200 WICHITA
1201,WAREHOUSE 1201 LAFAYETTE
1202,WAREHOUSE 1202 TORRANCE
1205,WAREHOUSE 1205 WOODLAND HILLS
1206,WAREHOUSE 1206 APEX
1207,WAREHOUSE 1207 TULSA
1208,WAREHOUSE 1208 CYPRESS
1209,WAREHOUSE 1209 MENOMONEE FALLS
121,WAREHOUSE 121 EL CENTRO
1211,WAREHOUSE 1211 ALLENTOWN
1212,WAREHOUSE 1212 NEW BERLIN
1214,WAREHOUSE 1214 TETERBORO
1215,WAREHOUSE 1215 OCEANSIDE
1216,WAREHOUSE 1216 BELLINGHAM
1221,WAREHOUSE 1221 PEARLAND
1222,WAREHOUSE 1222 GRAND CHUTE
1225,WAREHOUSE 1225 REDMOND
1226,WAREHOUSE 1226 BOSTON HEIGHTS
1227,WAREHOUSE 1227 S INDIANAPOLIS
1228,WAREHOUSE 1228 HUMBLE
1229,WAREHOUSE 1229 MIAMI
1232,WAREHOUSE 1232 COLUMBIA
1235,WAREHOUSE 1235 S ORLANDO
1236,WAREHOUSE 1236 FLEMINGTON
1237,WAREHOUSE 1237 LA VISTA
1238,WAREHOUSE 1238 LOUISVILLE
124,WAREHOUSE 124 VISTA
1243,WAREHOUSE 1243 NW COLUMBUS
1244,WAREHOUSE 1244 HANFORD
1249,WAREHOUSE 1249 WESLEY CHAPEL
125,WAREHOUSE 125 EUREKA
126,WAREHOUSE 126 GARDEN GROVE
1262,WAREHOUSE 1262 W TAMPA
1266,WAREHOUSE 1266 DALLAS
1267,WAREHOUSE 1267 GREAT OAKS
1268,WAREHOUSE 1268 N KANSAS CITY
127,WAREHOUSE 127 CARSON CITY
1272,WAREHOUSE 1272 WOODBURY
1274,WAREHOUSE 1274 ELK GROVE
1275,WAREHOUSE 1275 SANTA MARIA
1277,WAREHOUSE 1277 EAST LANSING
1278,WAREHOUSE 1278 BONNEY LAKE
1279,WAREHOUSE 1279 TRAVERSE CITY
128,WAREHOUSE 128 SIMI VALLEY
1284,WAREHOUSE 1284 MCKINNEY
1285,WAREHOUSE 1285 LINCOLN
1287,WAREHOUSE 1287 CENTRAL POINT
129,WAREHOUSE 129 SANTA CLARA
1294,WAREHOUSE 1294 W JACKSONVILLE
1295,WAREHOUSE 1295 WOODSTOCK
1297,WAREHOUSE 1297 UKIAH
1298,WAREHOUSE 1298 N SPOKANE
13,WAREHOUSE 13 SILVERDALE
130,WAREHOUSE 130 LOS FELIZ
131,WAREHOUSE 131 SAND CITY
1317,WAREHOUSE 1317 EASTVALE
1318,WAREHOUSE 1318 MONTEREY PARK
1319,WAREHOUSE 1319 MT PLEASANT
132,WAREHOUSE 132 VALLEJO
1320,WAREHOUSE 1320 SW HENDERSON
1322,WAREHOUSE 1322 PFLUGERVILLE
1323,WAREHOUSE 1323 CORAL SPRINGS
1325,WAREHOUSE 1325 DAVENPORT
1326,WAREHOUSE 1326 OWINGS MILLS
133,WAREHOUSE 133 REDDING
1330,WAREHOUSE 1330 WEBSTER
1331,WAREHOUSE 1331 EVANSVILLE
1332,WAREHOUSE 1332 N MIAMI
1333,WAREHOUSE 1333 MOORESVILLE
1334,WAREHOUSE 1334 BAYONNE
1342,WAREHOUSE 1342 FAIRBANKS
1343,WAREHOUSE 1343 MERIDIAN
1344,WAREHOUSE 1344 ST CLOUD
1350,WAREHOUSE 1350 OKLAHOMA CITY
1353,WAREHOUSE 1353 LOVES PARK
1360,WAREHOUSE 1360 CLOVIS
1361,WAREHOUSE 1361 SHARPSBURG
1363,WAREHOUSE 1363 EAGAN
1364,WAREHOUSE 1364 BRADENTON
1366,WAREHOUSE 1366 RIDGELAND
1372,WAREHOUSE 1372 E LYME
1375,WAREHOUSE 1375 SURPRISE
1379,WAREHOUSE 1379 IDAHO FALLS
1380,WAREHOUSE 1380 BISMARCK
1383,WAREHOUSE 1383 SARATOGA SPRINGS
1384,WAREHOUSE 1384 CHAMPAIGN
1388,WAREHOUSE 1388 PLAINFIELD
1389,WAREHOUSE 1389 DALLAS GA
140,WAREHOUSE 140 KONA
141,WAREHOUSE 141 NOVATO
1415,WAREHOUSE 1415 CHERRY HILL
142,WAREHOUSE 142 MERCED
1420,WAREHOUSE 1420 MIDLAND
143,WAREHOUSE 143 MOUNTAIN VIEW
144,WAREHOUSE 144 SAN FRANCISCO
145,WAREHOUSE 145 TWIN FALLS
146,WAREHOUSE 146 LIVERMORE
147,WAREHOUSE 147 FOSTER CITY
148,WAREHOUSE 148 SAN JOSE
149,WAREHOUSE 149 SANTA CRUZ
17,WAREHOUSE 17 EUGENE
180,WAREHOUSE 180 LANTANA
181,WAREHOUSE 181 MIAMI LAKES
183,WAREHOUSE 183 ALTAMONTE SPRINGS
185,WAREHOUSE 185 E ORLANDO
187,WAREHOUSE 187 GWINNETT
188,WAREHOUSE 188 PERIMETER
189,WAREHOUSE 189 TOWN CENTER
2,WAREHOUSE 2 PORTLAND
202,WAREHOUSE 202 NORFOLK
203,WAREHOUSE 203 GLEN BURNIE
204,WAREHOUSE 204 FAIRFAX
205,WAREHOUSE 205 W HENRICO
206,WAREHOUSE 206 NESCONSET
208,WAREHOUSE 208 WHITE MARSH
21,WAREHOUSE 21 DANVILLE
213,WAREHOUSE 213 GAITHERSBURG
214,WAREHOUSE 214 BELTSVILLE
218,WAREHOUSE 218 STERLING
222,WAREHOUSE 222 HAZLET
225,WAREHOUSE 225 MANASSAS
226,WAREHOUSE 226 WESTBURY
227,WAREHOUSE 227 NEWINGTON
230,WAREHOUSE 230 HOLBROOK
233,WAREHOUSE 233 PENTAGON CITY
237,WAREHOUSE 237 MELVILLE
238,WAREHOUSE 238 HARRISONBURG
239,WAREHOUSE 239 WINCHESTER
240,WAREHOUSE 240 COMMACK
241,WAREHOUSE 241 NEW ROCHELLE
243,WAREHOUSE 243 QUEENS
244,WAREHOUSE 244 EAST HANOVER
245,WAREHOUSE 245 KING OF PRUSSIA
246,WAREHOUSE 246 CHRISTIANA
247,WAREHOUSE 247 NEWPORT NEWS
248,WAREHOUSE 248 MONTGOMERYVILLE
249,WAREHOUSE 249 DURHAM
25,WAREHOUSE 25 RENO
28,WAREHOUSE 28 LAGUNA NIGUEL
690,WAREHOUSE 690 LAGUNA MARKETPLACE
29,WAREHOUSE 29 ROSEVILLE CA
301,WAREHOUSE 301 DANVERS
302,WAREHOUSE 302 WEST SPRINGFIELD
303,WAREHOUSE 303 AVON MA
304,WAREHOUSE 304 BROOKFIELD
305,WAREHOUSE 305 NANUET
306,WAREHOUSE 306 CLIFTON
307,WAREHOUSE 307 NASHUA
308,WAREHOUSE 308 WALTHAM
31,WAREHOUSE 31 FRESNO
310,WAREHOUSE 310 LAWRENCE
312,WAREHOUSE 312 MILFORD
313,WAREHOUSE 313 WATERBURY
314,WAREHOUSE 314 COLCHESTER
315,WAREHOUSE 315 WHARTON
316,WAREHOUSE 316 STATEN ISLAND
317,WAREHOUSE 317 LANCASTER PA
318,WAREHOUSE 318 BROOKLYN
319,WAREHOUSE 319 DEDHAM
320,WAREHOUSE 320 UNION
321,WAREHOUSE 321 YONKERS
322,WAREHOUSE 322 BRIDGEWATER
323,WAREHOUSE 323 EDISON
324,WAREHOUSE 324 NORWALK CT
325,WAREHOUSE 325 ARUNDEL MILLS
326,WAREHOUSE 326 PORT CHESTER
327,WAREHOUSE 327 HARRISBURG
328,WAREHOUSE 328 CRANBERRY TOWNSHIP
329,WAREHOUSE 329 OCEAN TOWNSHIP
330,WAREHOUSE 330 FREDERICK
332,WAREHOUSE 332 ROBINSON
333,WAREHOUSE 333 EVERETT MA
334,WAREHOUSE 334 CHANTILLY
335,WAREHOUSE 335 CAROLINA
336,WAREHOUSE 336 CLEARWATER
337,WAREHOUSE 337 LEESBURG
338,WAREHOUSE 338 MYRTLE BEACH
339,WAREHOUSE 339 GREENSBORO
340,WAREHOUSE 340 FREDERICKSBURG
341,WAREHOUSE 341 COMMERCE TOWNSHIP
342,WAREHOUSE 342 NAPERVILLE
343,WAREHOUSE 343 AVON OH
344,WAREHOUSE 344 MAYFIELD HEIGHTS
345,WAREHOUSE 345 BOCA RATON
346,WAREHOUSE 346 CASTLETON
347,WAREHOUSE 347 FORTUNE PARK
348,WAREHOUSE 348 GLENVIEW
349,WAREHOUSE 349 LENEXA
351,WAREHOUSE 351 FORT MYERS
352,WAREHOUSE 352 NE MEMPHIS
353,WAREHOUSE 353 SE MEMPHIS
354,WAREHOUSE 354 NAPLES
356,WAREHOUSE 356 HUNTSVILLE
357,WAREHOUSE 357 E JACKSONVILLE
358,WAREHOUSE 358 BRANDON
359,WAREHOUSE 359 CHARLOTTE
360,WAREHOUSE 360 CHARLESTON
361,WAREHOUSE 361 WINSTON SALEM
362,WAREHOUSE 362 HOOVER
363,WAREHOUSE 363 E BAYAMON
364,WAREHOUSE 364 W BAYAMON
365,WAREHOUSE 365 CAGUAS
366,WAREHOUSE 366 MALL OF GEORGIA
367,WAREHOUSE 367 MATTHEWS
368,WAREHOUSE 368 S ST LOUIS
369,WAREHOUSE 369 OVERLAND PARK
370,WAREHOUSE 370 MERRILLVILLE
371,WAREHOUSE 371 BLOOMINGDALE
372,WAREHOUSE 372 COON RAPIDS
373,WAREHOUSE 373 INDEPENDENCE
374,WAREHOUSE 374 LAKESIDE
375,WAREHOUSE 375 KANSAS CITY
376,WAREHOUSE 376 AUBURN HILLS
377,WAREHOUSE 377 ST LOUIS PARK
378,WAREHOUSE 378 LAKE ZURICH
379,WAREHOUSE 379 SPRINGDALE
38,WAREHOUSE 38 STOCKTON
380,WAREHOUSE 380 LINCOLN PARK
382,WAREHOUSE 382 ST PETERS
383,WAREHOUSE 383 NILES
384,WAREHOUSE 384 DEERFIELD
386,WAREHOUSE 386 BRENTWOOD
387,WAREHOUSE 387 SCHAUMBURG
388,WAREHOUSE 388 OAK BROOK
390,WAREHOUSE 390 MIDDLEBELT
391,WAREHOUSE 391 HAGGERTY
393,WAREHOUSE 393 MADISON HEIGHTS
394,WAREHOUSE 394 ROSEVILLE MI
401,WAREHOUSE 401 MORENA
403,WAREHOUSE 403 SANTEE
407,WAREHOUSE 407 TUCSON
41,WAREHOUSE 41 SANTA ROSA
410,WAREHOUSE 410 NORWALK CA
411,WAREHOUSE 411 FOUNTAIN VALLEY
412,WAREHOUSE 412 AZUSA
418,WAREHOUSE 418 FULLERTON
420,WAREHOUSE 420 OXNARD
422,WAREHOUSE 422 S SAN FRANCISCO
475,WAREHOUSE 475 EL CAMINO
654,WAREHOUSE 654 S SAN FRANCISCO BUS CTR
423,WAREHOUSE 423 SUNNYVALE
424,WAREHOUSE 424 SIGNAL HILL
427,WAREHOUSE 427 SCOTTSDALE
428,WAREHOUSE 428 ALHAMBRA
429,WAREHOUSE 429 SAN JUAN CAPISTRANO
431,WAREHOUSE 431 NW TUCSON
432,WAREHOUSE 432 CORONA
436,WAREHOUSE 436 TEMPE
437,WAREHOUSE 437 NORTHRIDGE
438,WAREHOUSE 438 RANCHO CORDOVA
439,WAREHOUSE 439 AURORA
440,WAREHOUSE 440 WESTMINSTER CO
441,WAREHOUSE 441 PALM DESERT
443,WAREHOUSE 443 SW DENVER
445,WAREHOUSE 445 YORBA LINDA
447,WAREHOUSE 447 SANTA CLARITA
452,WAREHOUSE 452 CARMEL MOUNTAIN
453,WAREHOUSE 453 FAIRFIELD
454,WAREHOUSE 454 IRVINE
455,WAREHOUSE 455 MORENO VALLEY
460,WAREHOUSE 460 RANCHO DEL REY
462,WAREHOUSE 462 CARLSBAD
464,WAREHOUSE 464 SACRAMENTO
465,WAREHOUSE 465 THOMAS ROAD
466,WAREHOUSE 466 PRESCOTT
468,WAREHOUSE 468 DOUGLAS COUNTY
469,WAREHOUSE 469 LA MESA
470,WAREHOUSE 470 ALMADEN
471,WAREHOUSE 471 CAL EXPO (SACRAMENTO)
472,WAREHOUSE 472 SALINAS
473,WAREHOUSE 473 CHINO HILLS
474,WAREHOUSE 474 GOLETA
478,WAREHOUSE 478 SAN BERNARDINO
479,WAREHOUSE 479 CULVER CITY
48,WAREHOUSE 48 VAN NUYS
480,WAREHOUSE 480 SUPERIOR
481,WAREHOUSE 481 GILBERT
482,WAREHOUSE 482 RICHMOND CA
483,WAREHOUSE 483 SE SAN DIEGO
484,WAREHOUSE 484 OREM
485,WAREHOUSE 485 WAIPIO
486,WAREHOUSE 486 KENNEWICK
487,WAREHOUSE 487 SANDY
488,WAREHOUSE 488 MISSION VALLEY
489,WAREHOUSE 489 FORT WORTH
490,WAREHOUSE 490 N PHOENIX
491,WAREHOUSE 491 TEMECULA
563,WAREHOUSE 563 LAS VEGAS BUS CTR
564,WAREHOUSE 564 HAWTHORNE BUS CTR
671,WAREHOUSE 671 HAWTHORNE
569,WAREHOUSE 569 COMMERCE BUS CTR
578,WAREHOUSE 578 SAN DIEGO BUS CTR
579,WAREHOUSE 579 MORROW BUS CTR
580,WAREHOUSE 580 BEDFORD PARK BUS CTR
6,WAREHOUSE 6 TUKWILA
61,WAREHOUSE 61 FEDERAL WAY
621,WAREHOUSE 621 ESTERO
622,WAREHOUSE 622 WEST VALLEY
623,WAREHOUSE 623 ROYAL PALM BEACH
624,WAREHOUSE 624 GIG HARBOR
625,WAREHOUSE 625 STRONGSVILLE
626,WAREHOUSE 626 POTOMAC MILLS
627,WAREHOUSE 627 FONTANA
628,WAREHOUSE 628 GRAFTON
629,WAREHOUSE 629 THORNTON
63,WAREHOUSE 63 NE ANCHORAGE
630,WAREHOUSE 630 W NASHVILLE
631,WAREHOUSE 631 CUMBERLAND MALL
632,WAREHOUSE 632 COLUMBUS
633,WAREHOUSE 633 HELENA
634,WAREHOUSE 634 NE LOUISVILLE
635,WAREHOUSE 635 WILMINGTON
636,WAREHOUSE 636 DUNCANVILLE
637,WAREHOUSE 637 GYPSUM
638,WAREHOUSE 638 LA QUINTA
639,WAREHOUSE 639 SEQUIM
64,WAREHOUSE 64 TUMWATER
640,WAREHOUSE 640 KAUAI
641,WAREHOUSE 641 S AUSTIN
642,WAREHOUSE 642 MARYSVILLE
643,WAREHOUSE 643 SW BAKERSFIELD
644,WAREHOUSE 644 SE GILBERT
645,WAREHOUSE 645 RALEIGH
646,WAREHOUSE 646 SPARKS
647,WAREHOUSE 647 ORLAND PARK
648,WAREHOUSE 648 MAPLE GROVE
649,WAREHOUSE 649 HOMESTEAD
650,WAREHOUSE 650 DENVER BUS CTR
651,WAREHOUSE 651 ORLANDO BUS CTR
652,WAREHOUSE 652 MINNEAPOLIS BUS CTR
653,WAREHOUSE 653 BURBANK BUS CTR
655,WAREHOUSE 655 DALLAS BUS CTR
657,WAREHOUSE 657 N FRESNO
658,WAREHOUSE 658 TRACY
659,WAREHOUSE 659 ROHNERT PARK
660,WAREHOUSE 660 PUYALLUP
661,WAREHOUSE 661 MODESTO
662,WAREHOUSE 662 BURLINGTON WA
663,WAREHOUSE 663 CONCORD
664,WAREHOUSE 664 E PLANO
667,WAREHOUSE 667 SE ALBUQUERQUE
668,WAREHOUSE 668 ARLINGTON
669,WAREHOUSE 669 SOUTHLAKE
67,WAREHOUSE 67 MISSOULA
670,WAREHOUSE 670 SPOKANE
672,WAREHOUSE 672 ST GEORGE
673,WAREHOUSE 673 HENDERSON
674,WAREHOUSE 674 GLENDALE
675,WAREHOUSE 675 WILLOWBROOK
676,WAREHOUSE 676 ARVADA
677,WAREHOUSE 677 BURBANK
678,WAREHOUSE 678 RANCHO CUCAMONGA
679,WAREHOUSE 679 CITY OF INDUSTRY
68,WAREHOUSE 68 SALEM
680,WAREHOUSE 680 BUNKER HILL
681,WAREHOUSE 681 AUSTIN
682,WAREHOUSE 682 ALBANY
683,WAREHOUSE 683 LEWISVILLE
684,WAREHOUSE 684 W PLANO
685,WAREHOUSE 685 SUMMERLIN
686,WAREHOUSE 686 MONTCLAIR
687,WAREHOUSE 687 IWILEI
688,WAREHOUSE 688 BAKERSFIELD
689,WAREHOUSE 689 NW SAN ANTONIO
69,WAREHOUSE 69 BILLINGS
691,WAREHOUSE 691 AVONDALE
692,WAREHOUSE 692 HILLSBORO
693,WAREHOUSE 693 SONTERRA PARK
694,WAREHOUSE 694 VACAVILLE
733,WAREHOUSE 733 LEHI
734,WAREHOUSE 734 NAMPA
735,WAREHOUSE 735 BOUNTIFUL
736,WAREHOUSE 736 CHANDLER
737,WAREHOUSE 737 CENTENNIAL
738,WAREHOUSE 738 CAVE CREEK
739,WAREHOUSE 739 BRICK TOWNSHIP
740,WAREHOUSE 740 LACEY
741,WAREHOUSE 741 SAN LUIS OBISPO
742,WAREHOUSE 742 PEMBROKE PINES
743,WAREHOUSE 743 ALPHARETTA
744,WAREHOUSE 744 WYOMING
745,WAREHOUSE 745 KALISPELL
746,WAREHOUSE 746 LAKE ELSINORE
747,WAREHOUSE 747 WOODINVILLE
748,WAREHOUSE 748 CYPRESS
749,WAREHOUSE 749 MT LAUREL
760,WAREHOUSE 760 GILROY
761,WAREHOUSE 761 BOISE
762,WAREHOUSE 762 LANCASTER CA
764,WAREHOUSE 764 MURRAY
765,WAREHOUSE 765 FOLSOM
766,WAREHOUSE 766 WILSONVILLE
767,WAREHOUSE 767 FIFE BUS CTR
768,WAREHOUSE 768 EL PASO
769,WAREHOUSE 769 INGLEWOOD
770,WAREHOUSE 770 SOUTH OGDEN
771,WAREHOUSE 771 CITRUS HEIGHTS
772,WAREHOUSE 772 VANCOUVER WA
773,WAREHOUSE 773 COEUR D' ALENE
774,WAREHOUSE 774 LAKE IN THE HILLS
775,WAREHOUSE 775 POWAY
777,WAREHOUSE 777 LA HABRA
778,WAREHOUSE 778 FREMONT
779,WAREHOUSE 779 MT PROSPECT
780,WAREHOUSE 780 ENFIELD
781,WAREHOUSE 781 CHULA VISTA
782,WAREHOUSE 782 TURLOCK
783,WAREHOUSE 783 EDEN PRAIRIE
784,WAREHOUSE 784 GRAND RAPIDS
785,WAREHOUSE 785 RIVERHEAD
786,WAREHOUSE 786 GREEN OAK TOWNSHIP
788,WAREHOUSE 788 WEST DES MOINES
8,WAREHOUSE 8 KIRKLAND
823,WAREHOUSE 823 HAYWARD BUS CTR
827,WAREHOUSE 827 PHOENIX BUS CTR
848,WAREHOUSE 848 SAN JOSE BUS CTR
88,WAREHOUSE 88 POMPANO
893,WAREHOUSE 893 SACRAMENTO BUS CTR
9,WAREHOUSE 9 ALOHA
91,WAREHOUSE 91 DAVIE
93,WAREHOUSE 93 PALM BEACH GARDENS
943,WAREHOUSE 943 WESTMINSTER BUS CTR
947,WAREHOUSE 947 ONTARIO BUS CTR
95,WAREHOUSE 95 TACOMA
96,WAREHOUSE 96 BOZEMAN
97,WAREHOUSE 97 CLACKAMAS